interval,mean,stddev,min,max,median,p25,p75,mode
Overall,0.500005,0.149880,0.000250,0.999750,0.500250,0.398750,0.601250,0.501750
Block_1,0.500008,0.149872,0.000250,0.999750,0.500250,0.398750,0.601250,0.501750
Block_2,0.500001,0.149871,0.000250,0.999750,0.500250,0.398750,0.601250,0.508750
Block_3,0.500006,0.149897,0.000250,0.999750,0.500250,0.398750,0.601250,0.494750
Block_4,0.500019,0.149872,0.000250,0.999750,0.500250,0.398750,0.601250,0.495250
Block_5,0.499975,0.149886,0.000250,0.999750,0.499750,0.398750,0.601250,0.501750
Block_6,0.500019,0.149885,0.000250,0.999750,0.500250,0.398750,0.601250,0.502250
