block,mean,stddev,min,max,median,p25,p75,mode
1,0.500008,0.149872,0.000250,0.999750,0.500250,0.398750,0.601250,0.501750
2,0.500001,0.149871,0.000250,0.999750,0.500250,0.398750,0.601250,0.508750
3,0.500006,0.149897,0.000250,0.999750,0.500250,0.398750,0.601250,0.494750
4,0.500019,0.149872,0.000250,0.999750,0.500250,0.398750,0.601250,0.495250
5,0.499975,0.149886,0.000250,0.999750,0.499750,0.398750,0.601250,0.501750
6,0.500019,0.149885,0.000250,0.999750,0.500250,0.398750,0.601250,0.502250
